<?xml version="1.0" encoding="UTF-8"?>
<metadata>
  <groupId>org.eclipse.jetty</groupId>
  <artifactId>jetty-maven-plugin</artifactId>
  <versioning>
    <latest>9.3.0.M2</latest>
    <release>9.3.0.M2</release>
    <versions>
      <version>9.0.0.M2</version>
      <version>9.0.0.M3</version>
      <version>9.0.0.M4</version>
      <version>9.0.0.M5</version>
      <version>9.0.0.RC0</version>
      <version>9.0.0.RC1</version>
      <version>9.0.0.RC2</version>
      <version>9.0.0.v20130308</version>
      <version>9.0.1.v20130408</version>
      <version>9.0.2.v20130417</version>
      <version>9.0.3.v20130506</version>
      <version>9.0.4.v20130625</version>
      <version>9.0.5.v20130815</version>
      <version>9.0.6.v20130930</version>
      <version>9.0.7.v20131107</version>
      <version>9.1.0.M0</version>
      <version>9.1.0.RC0</version>
      <version>9.1.0.RC1</version>
      <version>9.1.0.RC2</version>
      <version>9.1.0.v20131115</version>
      <version>9.1.1.v20140108</version>
      <version>9.1.2.v20140210</version>
      <version>9.1.3.v20140225</version>
      <version>9.1.4.v20140401</version>
      <version>9.1.5.v20140505</version>
      <version>9.2.0.M0</version>
      <version>9.2.0.M1</version>
      <version>9.2.0.RC0</version>
      <version>9.2.0.v20140526</version>
      <version>9.2.1.v20140609</version>
      <version>9.2.2.v20140723</version>
      <version>9.2.3.v20140905</version>
      <version>9.2.4.v20141103</version>
      <version>9.2.5.v20141112</version>
      <version>9.2.6.v20141205</version>
      <version>9.2.7.v20150116</version>
      <version>9.2.8.v20150217</version>
      <version>9.2.9.v20150224</version>
      <version>9.2.10.v20150310</version>
      <version>9.3.0.M0</version>
      <version>9.3.0.M1</version>
      <version>9.3.0.M2</version>
    </versions>
    <lastUpdated>20150312170859</lastUpdated>
  </versioning>
</metadata>
