<?xml version="1.0" encoding="UTF-8"?>
<beans xmlns="http://www.springframework.org/schema/beans"
	xmlns:context="http://www.springframework.org/schema/context"
	xmlns:xsi="http://www.w3.org/2001/XMLSchema-instance"
	xmlns:tx="http://www.springframework.org/schema/tx"
	xmlns:aop="http://www.springframework.org/schema/aop"
	xmlns:jee="http://www.springframework.org/schema/jee"
	xsi:schemaLocation="http://www.springframework.org/schema/beans    
        http://www.springframework.org/schema/beans/spring-beans-4.0.xsd
        http://www.springframework.org/schema/jee
		http://www.springframework.org/schema/jee/spring-jee-4.0.xsd
        http://www.springframework.org/schema/context
        http://www.springframework.org/schema/context/spring-context-4.0.xsd
        http://www.springframework.org/schema/aop
		http://www.springframework.org/schema/aop/spring-aop-4.0.xsd
        http://www.springframework.org/schema/tx
		http://www.springframework.org/schema/tx/spring-tx-4.0.xsd">

<!-- Habilita as annotations do Spring -->
      <context:annotation-config />

<!-- Pastas a serem escaneadas para DI -->
	<context:component-scan base-package="com.ubs.manhattan.*" />
	<context:component-scan base-package="com.ubs.manhatthan.*" />
	
<!-- Objetos injetados via xml por conflito de scopo com o Singleton -->
	<bean id="user" class="com.ubs.manhatthan.admin.model.User" scope="session" destroy-method="destroy" >
		<aop:scoped-proxy />
	</bean>

<!-- Objeto que é criado no deploy da aplicação e possui um método in init que inicializa as conexões com o engine e com o LMDS -->
	<bean id="initializer"
		class="com.ubs.manhatthan.manager.utils.DeployInitialize" scope="singleton"
		init-method="init" destroy-method="destroy" >
	</bean>
	

<!-- Configurando Conexão com banco de dados Local -->
	<bean id="dataSource" class="com.mchange.v2.c3p0.ComboPooledDataSource" destroy-method="close">
		<property name="driverClass" value="oracle.jdbc.OracleDriver" />
		<property name="jdbcUrl" value="jdbc:oracle:thin:@localhost:1521:orcl" />
		<property name="user" value="UBS" />
 		<property name="password" value="290499" />


<!-- Configurando Conexão com banco de dados - UBS   
	<bean id="dataSource" class="com.mchange.v2.c3p0.ComboPooledDataSource" destroy-method="close">
		<property name="driverClass" value="oracle.jdbc.OracleDriver" />
		<property name="jdbcUrl" value="jdbc:oracle:thin:@(DESCRIPTION=(ADDRESS_LIST=(ADDRESS=(PROTOCOL=TCP)(HOST=dzure404d-scan.zur.swissbank.com)(PORT=1521)))(CONNECT_DATA=(SERVICE_NAME=DLINKD1B.DEV.GBL.UBS.NET)))" />
		<property name="user" value="MANHATTAN" />
 		<property name="password" value="m4nh4tt4n" />
-->

<!-- Configurando C3P0 -->
        <property name="acquireIncrement" value="1" />
        <property name="minPoolSize" value="5" />
        <property name="maxPoolSize" value="20" />
	</bean>
	
	
    <bean id="entityManagerFactory" class="org.springframework.orm.jpa.LocalContainerEntityManagerFactoryBean">
		<property name="persistenceXmlLocation" value="classpath:META-INF/persistence.xml" />
		<property name="dataSource" ref="dataSource" />
        <property name="persistenceProvider">
            <bean class="org.hibernate.jpa.HibernatePersistenceProvider"/>
        </property>
		<property name="packagesToScan" value="com.ubs.manhatthan.*" />
		<property name="jpaVendorAdapter">
			<bean class="org.springframework.orm.jpa.vendor.HibernateJpaVendorAdapter">
				<property name="showSql" value="true" />
				<property name="databasePlatform" value="org.hibernate.dialect.Oracle10gDialect" />
			</bean>
		</property>
		<!-- <property name="jpaProperties">
			<props>
				<prop key="hibernate.hbm2ddl.auto">update</prop>
			</props>
		</property>
		<property name="jpaProperties">
			<props>
				<prop key="hibernate.format_sql">true</prop>
			</props>
		</property>  -->
	</bean>

<!-- Declara o transaction Manager para gerenciar as transações pelo Spring -->
    <bean id="transactionManager" class="org.springframework.orm.jpa.JpaTransactionManager">
        <property name="entityManagerFactory" ref="entityManagerFactory" />
    </bean>
	
<!-- habilita anotações§Ãµes para o gerenciamento de transações -->
	<tx:annotation-driven transaction-manager="transactionManager" />

</beans>